{"sent_id": 1, "key_list": [[5.0, "cells", [6, 1, 1.0]], [2.0, "log phase", [1, 1, 0.5]], [1.833, "a shorter generation time", [1, 1, 0.3333333333333333]]]}
{"sent_id": 2, "key_list": [[2.0, "the lag phase", [1, 1, 0.5]], [1.0, "nutrient richness", [1, 0, 0.5]], [1.0, "ph", [1, 0, 0.5]], [0.833, "salt concentration", [1, 0, 0.3333333333333333]], [0.833, "temperature", [1, 0, 0.3333333333333333]], [0.75, "the length", [1, 0, 0.25]], [0.7, "changes", [1, 0, 0.2]]]}
{"sent_id": 3, "key_list": [[5.0, "cells", [6, 1, 1.0]], [5.0, "cells", [6, 1, 1.0]], [2.0, "a protracted lag phase", [1, 1, 0.5]], [1.833, "a very short lag phase", [1, 1, 0.3333333333333333]], [1.5, "example", [1, 0, 1.0]], [1.0, "a minimal defi", [1, 0, 0.5]], [1.0, "a complex medium", [1, 0, 0.5]], [1.0, "one complex medium", [1, 0, 0.5]], [0.833, "ned medium experience", [1, 0, 0.3333333333333333]], [0.7, "a fresh complex medium results", [1, 0, 0.2]]]}
{"sent_id": 4, "key_list": [[2.0, "cell division", [1, 1, 0.5]], [2.0, "the cell", [1, 1, 0.5]], [1.833, "case cell metabolism", [1, 1, 0.3333333333333333]], [1.5, "contrast", [1, 0, 1.0]], [1.25, "balance", [2, 0, 0.25]], [0.625, "its current growth rate", [1, 0, 0.125]], [0.591, "more energy", [1, 0, 0.09090909090909091]]]}
{"sent_id": 5, "key_list": [[5.0, "cells", [6, 1, 1.0]], [1.833, "cell wall synthesis", [1, 1, 0.3333333333333333]], [1.75, "lag phase", [1, 1, 0.25]], [1.5, "metabolism", [1, 0, 1.0]], [1.2, "balance", [2, 0, 0.2]], [1.0, "the complex medium", [1, 0, 0.5]], [1.0, "the latter case", [1, 0, 0.5]], [0.833, "the rest", [1, 0, 0.3333333333333333]], [0.7, "other metabolites", [1, 0, 0.2]], [0.667, "nucleotides", [1, 0, 0.16666666666666666]], [0.643, "all the amino acids", [1, 0, 0.14285714285714285]]]}
{"sent_id": 6, "key_list": [[5.0, "cells", [6, 1, 1.0]], [2.0, "time", [1, 1, 0.5]], [2.0, "stationary phase", [1, 1, 0.5]], [1.75, "15 hours", [1, 1, 0.25]], [0.833, "a new, green fluorescent protein", [1, 0, 0.3333333333333333]], [0.833, "what percentage", [1, 0, 0.3333333333333333]], [0.833, "a chemical inducer molecule", [1, 0, 0.3333333333333333]]]}
{"sent_id": 7, "key_list": [[1.5, "downshift", [1, 0, 1.0]], [1.0, "balanced growth", [1, 0, 0.5]], [1.0, "a higher gear", [1, 0, 0.5]], [1.0, "macromolecular synthesis", [1, 0, 0.5]], [0.75, "the same fail-safe mechanisms", [1, 0, 0.25]]]}
{"sent_id": 8, "key_list": [[5.0, "cells", [6, 1, 1.0]], [2.0, "these cells", [1, 1, 0.5]], [1.0, "fluorescent bacteria", [1, 0, 0.5]], [1.0, "the new protein", [1, 0, 0.5]], [0.833, "lab manager irene ronin", [1, 0, 0.3333333333333333]], [0.75, "alive eitam rotem", [1, 0, 0.25]], [0.75, "at least 90%", [1, 0, 0.25]]]}
