{"sent_id": 1, "key_list": [[2.0, "metabolism", [2, 0, 1.0]], [2.0, "we", [2, 0, 1.0]], [1.0, "their gene sequences", [1, 0, 0.5]], [0.833, "amino acid transport", [1, 0, 0.3333333333333333]], [0.75, "the relatedness", [1, 0, 0.25]], [0.75, "organisms gene categories", [1, 0, 0.25]]]}
{"sent_id": 2, "key_list": [[2.0, "an infected host cell", [1, 1, 0.5]], [2.0, "viral genomes", [1, 1, 0.5]], [1.833, "their genome segmotility ments", [1, 1, 0.3333333333333333]], [1.75, "membrane and envelope biogenesis different viruses", [1, 1, 0.25]], [1.625, "the small size", [1, 1, 0.125]], [1.5, "protein", [1, 0, 1.0]], [1.5, "mrna", [1, 0, 1.0]], [1.0, "a virus species", [1, 0, 0.5]], [0.833, "translation", [1, 0, 0.3333333333333333]], [0.75, "the definition", [1, 0, 0.25]], [0.667, "the ability", [1, 0, 0.16666666666666666]], [0.643, "high mutability", [1, 0, 0.14285714285714285]]]}
{"sent_id": 3, "key_list": [[3.0, "example", [4, 0, 1.0]], [2.25, "viruses", [4, 0, 0.25]], [1.833, "bullet-shaped classification system", [1, 1, 0.3333333333333333]], [1.0, "the rhabdovirus family", [1, 0, 0.5]], [0.833, "potato yellow dwarf virus", [1, 0, 0.3333333333333333]], [0.75, "both rabies virus", [1, 0, 0.25]], [0.7, "several criteria", [1, 0, 0.2]]]}
{"sent_id": 4, "key_list": [[3.0, "example", [4, 0, 1.0]], [3.0, "viruses", [4, 0, 1.0]], [2.0, "host cell components", [1, 1, 0.5]], [1.5, "fact", [1, 0, 1.0]], [1.0, "cell functions", [1, 0, 0.5]], [1.0, "giant virus", [1, 0, 0.5]], [1.0, "parasitic cells", [1, 0, 0.5]], [1.0, "different sources", [1, 0, 0.5]], [0.833, "different classes", [1, 0, 0.3333333333333333]], [0.75, "numerous enzymes", [1, 0, 0.25]]]}
{"sent_id": 5, "key_list": [[2.5, "genomes", [1, 1, 1.0]], [1.833, "the baltimore method", [1, 1, 0.3333333333333333]]]}
{"sent_id": 6, "key_list": [[2.0, "the international ics", [1, 1, 0.5]], [2.0, "a working different hosts", [1, 1, 0.5]], [1.5, "structure", [1, 0, 1.0]], [1.5, "communication", [1, 0, 1.0]], [1.0, "genetclassification system", [1, 0, 0.5]], [1.0, "study", [1, 0, 0.5]], [0.75, "surprising similarities", [1, 0, 0.25]], [0.75, "purposes", [1, 0, 0.25]]]}
{"sent_id": 7, "key_list": [[3.0, "example", [4, 0, 1.0]], [3.0, "viruses", [4, 0, 1.0]], [2.0, "it", [2, 0, 1.0]], [1.5, "nomenclature", [1, 0, 1.0]], [1.0, "-viridae\u201d", [1, 0, 0.5]], [1.0, "latin names", [1, 0, 0.5]], [0.833, "papillomavirisingle-", [1, 0, 0.3333333333333333]], [0.833, "the suffix", [1, 0, 0.3333333333333333]], [0.833, "families", [1, 0, 0.3333333333333333]]]}
{"sent_id": 8, "key_list": [[3.0, "example", [4, 0, 1.0]], [1.0, "such family names", [1, 0, 0.5]], [0.75, "the common forms", [1, 0, 0.25]]]}
{"sent_id": 9, "key_list": [[1.5, "turnover", [1, 0, 1.0]], [1.0, "a common ancestor", [1, 0, 0.5]], [1.0, "secondary metabolites", [1, 0, 0.5]], [1.0, "protein modification", [1, 0, 0.5]], [0.833, "not all viruses", [1, 0, 0.3333333333333333]]]}
{"sent_id": 10, "key_list": [[2.0, "it", [2, 0, 1.0]], [1.5, "species", [1, 0, 1.0]], [1.0, "\u201cpapillomavirus", [1, 0, 0.5]], [1.0, "a virus", [1, 0, 0.5]], [1.0, "a family", [1, 0, 0.5]]]}
{"sent_id": 11, "key_list": [[1.0, "separate \u201cchromosomes", [1, 0, 0.5]], [0.833, "\u201d", [1, 0, 0.3333333333333333]]]}
{"sent_id": 12, "key_list": [[2.0, "the viral genome", [1, 1, 0.5]], [1.0, "physical note", [1, 0, 0.5]], [0.75, "respect", [1, 0, 0.25]], [0.75, "the nucleic acid", [1, 0, 0.25]]]}
{"sent_id": 13, "key_list": [[2.5, "genome composition", [2, 1, 0.5]]]}
{"sent_id": 14, "key_list": [[2.25, "genome composition", [2, 1, 0.25]], [2.0, "host range", [1, 1, 0.5]], [1.833, "virion structure", [1, 1, 0.3333333333333333]]]}
{"sent_id": 15, "key_list": [[2.0, "metabolism", [2, 0, 1.0]], [1.0, "nucleotide transport", [1, 0, 0.5]]]}
{"sent_id": 16, "key_list": [[3.0, "viruses", [4, 0, 1.0]], [2.0, "we", [2, 0, 1.0]], [0.833, "the bewildering diver- 850,000 sity", [1, 0, 0.3333333333333333]]]}
