{"sent_id": 1, "key_list": [[3.5, "minerals", [3, 1, 1.0]], [2.0, "the same temperature range", [1, 1, 0.5]], [2.0, "each rock group", [1, 1, 0.5]], [1.833, "the rock groups", [1, 1, 0.3333333333333333]], [1.7, "the mineral composition", [1, 1, 0.2]], [1.5, "note", [1, 0, 1.0]], [1.0, "this figure", [1, 0, 0.5]]]}
{"sent_id": 2, "key_list": [[2.0, "the intrusive igneous rock granite", [1, 1, 0.5]], [2.0, "muscovite", [1, 1, 0.5]], [2.0, "example", [2, 0, 1.0]], [1.833, "bowen\u2019s diagram", [1, 1, 0.3333333333333333]], [1.833, "potassium feldspar", [1, 1, 0.3333333333333333]], [1.625, "the minerals quartz", [1, 1, 0.125]], [1.25, "major constituents", [2, 0, 0.25]], [0.7, "the same region", [1, 0, 0.2]]]}
{"sent_id": 3, "key_list": [[2.0, "the same igneous rocks", [1, 1, 0.5]], [1.833, "bowen\u2019s reaction series", [1, 1, 0.3333333333333333]], [1.667, "the same general temperature regime", [1, 1, 0.16666666666666666]], [1.625, "that minerals", [1, 1, 0.125]], [1.5, "scientists", [1, 0, 1.0]]]}
{"sent_id": 4, "key_list": [[1.667, "the composition", [1, 1, 0.16666666666666666]], [1.5, "the magma", [2, 0, 0.5]], [1.0, "this crystallization process", [1, 0, 0.5]], [0.75, "the remaining liquid portion", [1, 0, 0.25]]]}
{"sent_id": 5, "key_list": [[2.0, "pyroxene", [2, 0, 1.0]], [1.833, "calcium-rich plagioclase feldspar", [1, 1, 0.3333333333333333]], [1.0, "the diagram", [1, 0, 0.5]]]}
{"sent_id": 6, "key_list": [[2.0, "calcium", [2, 0, 1.0]], [2.0, "example", [2, 0, 1.0]], [1.667, "the minerals", [1, 1, 0.16666666666666666]], [1.5, "magnesium", [2, 0, 0.5]], [1.5, "the magma", [2, 0, 0.5]], [1.333, "iron", [2, 0, 0.3333333333333333]], [1.125, "major constituents", [2, 0, 0.125]], [1.0, "the process", [1, 0, 0.5]], [1.0, "these elements", [1, 0, 0.5]], [1.0, "the remaining molten material", [1, 0, 0.5]], [1.0, "the stage", [1, 0, 0.5]]]}
{"sent_id": 7, "key_list": [[2.0, "calcium", [2, 0, 1.0]], [1.75, "potassium", [1, 1, 0.25]], [1.643, "the earliest-formed minerals", [1, 1, 0.14285714285714285]], [1.5, "magnesium", [2, 0, 0.5]], [1.333, "iron", [2, 0, 0.3333333333333333]], [1.0, "(sio2", [1, 0, 0.5]], [1.0, "the remaining melt", [1, 0, 0.5]], [1.0, "the magma chamber", [1, 0, 0.5]], [0.833, "silica", [1, 0, 0.3333333333333333]], [0.75, "the bottom", [1, 0, 0.25]], [0.75, "a change", [1, 0, 0.25]], [0.7, "sodium", [1, 0, 0.2]], [0.667, "crystal settling results", [1, 0, 0.16666666666666666]]]}
{"sent_id": 8, "key_list": [[3.5, "minerals", [3, 1, 1.0]], [2.0, "their melting temperatures", [1, 1, 0.5]], [2.0, "a specific temperature", [1, 1, 0.5]], [1.5, "ice", [1, 0, 1.0]], [1.0, "a systematic fashion", [1, 0, 0.5]]]}
{"sent_id": 9, "key_list": [[2.0, "igneous rocks", [1, 1, 0.5]], [1.833, "calcium-rich plagioclase", [1, 1, 0.3333333333333333]], [1.5, "nature", [1, 0, 1.0]], [1.5, "body", [1, 0, 1.0]], [1.25, "pyroxene", [2, 0, 0.25]], [0.833, "the magma body\u2019s cool model", [1, 0, 0.3333333333333333]], [0.75, "analysis", [1, 0, 0.25]], [0.7, "olivine", [1, 0, 0.2]], [0.643, "crystals", [1, 0, 0.14285714285714285]]]}
{"sent_id": 10, "key_list": [[3.5, "minerals", [3, 1, 1.0]], [1.7, "the sequence", [1, 1, 0.2]], [1.0, "this diagram", [1, 0, 0.5]]]}
{"sent_id": 11, "key_list": [[2.0, "the ferromagnesian mineral olivine", [1, 1, 0.5]], [2.0, "the first mineral", [1, 1, 0.5]]]}
