{"sent_id": 1, "key_list": [[2.5, "garnets", [1, 1, 1.0]], [2.5, "octahedrons", [1, 1, 1.0]], [2.0, "near-cubes", [1, 1, 0.5]], [2.0, "fluorite crystals", [1, 1, 0.5]], [2.0, "dodecahedrons", [1, 1, 0.5]], [2.0, "magnetite crystals", [1, 1, 0.5]], [2.0, "example", [2, 0, 1.0]], [1.833, "cubes", [1, 1, 0.3333333333333333]], [0.833, "halite", [1, 0, 0.3333333333333333]]]}
{"sent_id": 2, "key_list": [[3.0, "crystals", [2, 1, 1.0]], [2.5, "habit", [1, 1, 1.0]], [1.833, "the term crystal shape", [1, 1, 0.3333333333333333]], [1.75, "individual crystals", [1, 1, 0.25]], [1.667, "the common or characteristic shape", [1, 1, 0.16666666666666666]], [1.5, "mineralogists", [1, 0, 1.0]], [0.833, "aggregates", [1, 0, 0.3333333333333333]]]}
{"sent_id": 3, "key_list": [[3.2, "minerals", [4, 1, 0.2]], [1.5, "nonmetallic luster", [2, 0, 0.5]], [1.5, "streak", [1, 0, 1.0]], [1.0, "metallic luster", [1, 0, 0.5]]]}
{"sent_id": 4, "key_list": [[3.25, "minerals", [4, 1, 0.25]], [2.0, "metallic minerals", [1, 1, 0.5]], [1.5, "nonmetallic luster", [2, 0, 0.5]], [1.0, "a dense, dark streak", [1, 0, 0.5]], [0.833, "a light-colored streak", [1, 0, 0.3333333333333333]]]}
{"sent_id": 5, "key_list": [[4.0, "minerals", [4, 1, 1.0]], [2.0, "one common crystal shape", [1, 1, 0.5]], [1.833, "two or more characteristic crystal shapes", [1, 1, 0.3333333333333333]], [1.833, "the pyrite samples", [1, 1, 0.3333333333333333]]]}
{"sent_id": 6, "key_list": [[4.0, "minerals", [4, 1, 1.0]], [2.125, "crystals", [2, 1, 0.125]], [2.0, "some minerals", [1, 1, 0.5]], [1.5, "others", [1, 0, 1.0]], [1.0, "their identification", [1, 0, 0.5]], [1.0, "one direction", [1, 0, 0.5]], [1.0, "all three dimensions", [1, 0, 0.5]], [0.667, "regular polygons", [1, 0, 0.16666666666666666]]]}
{"sent_id": 7, "key_list": [[2.0, "the powdered mineral", [1, 1, 0.5]], [2.0, "a mineral", [1, 1, 0.5]], [1.5, "identification", [1, 0, 1.0]], [1.25, "the color", [2, 0, 0.25]], [1.25, "the color", [2, 0, 0.25]], [0.667, "the streak", [1, 0, 0.16666666666666666]]]}
{"sent_id": 8, "key_list": [[2.0, "example", [2, 0, 1.0]], [1.5, "quartz", [1, 0, 1.0]], [1.0, "no streak", [1, 0, 0.5]], [0.833, "a porcelain streak plate", [1, 0, 0.3333333333333333]]]}
{"sent_id": 9, "key_list": [[1.0, "a streak plate", [1, 0, 0.5]], [0.7, "a streak", [1, 0, 0.2]]]}
