{"sent_id": 1, "key_list": [[2.5, "anaerobic ammonium oxidation", [2, 1, 0.5]], [2.0, "nitrite (the requires bacteria", [1, 1, 0.5]], [1.0, "these states", [1, 0, 0.5]], [0.667, "interconversion", [1, 0, 0.16666666666666666]]]}
{"sent_id": 2, "key_list": [[3.0, "nitrogen", [2, 1, 1.0]], [2.5, "anammox", [3, 0, 1.0]], [2.0, "an unusual \u25a0 nitrogen fixation", [1, 1, 0.5]], [2.0, "electron donor", [1, 1, 0.5]], [1.75, "two different oxidation states", [1, 1, 0.25]], [1.7, "nitrite serves", [1, 1, 0.2]], [1.667, "symbiotic bacteria combination", [1, 1, 0.16666666666666666]], [1.0, "the same key element", [1, 0, 0.5]], [1.0, "ammonium ion", [1, 0, 0.5]]]}
{"sent_id": 3, "key_list": [[3.0, "bacteria", [2, 1, 1.0]], [3.0, "ammonia", [2, 1, 1.0]], [2.5, "anammox", [3, 0, 1.0]], [2.0, "anaerobic lithotrophy", [1, 1, 0.5]], [2.0, "nitrate reduction", [1, 1, 0.5]], [1.833, "terrestrial soil", [1, 1, 0.3333333333333333]], [1.833, "an electron", [1, 1, 0.3333333333333333]], [1.833, "200 km tory nitrate reduction", [1, 1, 0.3333333333333333]], [1.5, "hydrogenotrophy", [1, 0, 1.0]], [1.5, "circles", [1, 0, 1.0]], [1.0, "aquatic sediment", [1, 0, 0.5]], [1.0, "anaerobic habitats", [1, 0, 0.5]], [0.75, "the zone", [1, 0, 0.25]], [0.7, "all kinds", [1, 0, 0.2]], [0.667, "a water sample", [1, 0, 0.16666666666666666]], [0.643, "a form", [1, 0, 0.14285714285714285]]]}
{"sent_id": 4, "key_list": [[3.0, "nitrate", [2, 1, 1.0]], [2.5, "ammonia", [2, 1, 0.5]], [2.0, "synthesize amino acids", [1, 1, 0.5]], [2.0, "excess nitrogen", [1, 1, 0.5]], [1.5, "ruminants", [1, 0, 1.0]], [1.0, "their digestive microbes", [1, 0, 0.5]], [1.0, "wastewater sludge", [1, 0, 0.5]], [0.75, "more effective removal", [1, 0, 0.25]], [0.611, "the hope", [1, 0, 0.1111111111111111]]]}
{"sent_id": 5, "key_list": [[3.0, "nitrate", [2, 1, 1.0]], [3.0, "bacteria", [2, 1, 1.0]], [1.643, "reduced nitrogen", [1, 1, 0.14285714285714285]], [1.5, "scalindua", [1, 0, 1.0]], [1.5, "the reaction", [2, 0, 0.5]], [1.0, "(fig", [1, 0, 0.5]], [1.0, "planctomycete genera fermentation", [1, 0, 0.5]], [1.0, "anaerobic main anammox contributors", [1, 0, 0.5]], [0.833, "kuenenia", [1, 0, 0.3333333333333333]], [0.833, "a majority", [1, 0, 0.3333333333333333]], [0.7, "sewage", [1, 0, 0.2]]]}
{"sent_id": 6, "key_list": [[2.333, "nitrogen", [2, 1, 0.3333333333333333]], [2.0, "oxidation states", [1, 1, 0.5]], [1.5, "ecosystems", [1, 0, 1.0]], [1.5, "denitrification", [1, 0, 1.0]], [1.0, "marcel kuypers", [1, 0, 0.5]], [1.0, "costa rica", [1, 0, 0.5]], [1.0, "many years", [1, 0, 0.5]], [0.833, "tage dalsgaard", [1, 0, 0.3333333333333333]], [0.833, "europe", [1, 0, 0.3333333333333333]], [0.75, "a wide range", [1, 0, 0.25]], [0.667, "two research groups", [1, 0, 0.16666666666666666]]]}
{"sent_id": 7, "key_list": [[2.0, "chapter", [3, 0, 0.5]], [2.0, "less bacteria", [1, 1, 0.5]], [2.0, "chapter", [3, 0, 0.5]], [1.0, "other ruminant animals", [1, 0, 0.5]], [1.0, "cell wall", [1, 0, 0.5]], [1.0, "this pathway", [1, 0, 0.5]], [1.0, "an unusual favoring", [1, 0, 0.5]], [0.833, "goats", [1, 0, 0.3333333333333333]], [0.75, "a special interior memcattle", [1, 0, 0.25]], [0.75, "kind", [1, 0, 0.25]], [0.7, "another carbon-rich habitat planctomycetes", [1, 0, 0.2]], [0.667, "the digestive tract", [1, 0, 0.16666666666666666]], [0.643, "the rumen", [1, 0, 0.14285714285714285]]]}
{"sent_id": 8, "key_list": [[1.833, "legume-associated nitrogen fixation", [1, 1, 0.3333333333333333]], [1.5, "agriculture", [1, 0, 1.0]]]}
{"sent_id": 9, "key_list": [[1.5, "anaerobic", [1, 0, 1.0]], [1.5, "the reaction", [2, 0, 0.5]], [1.0, "specific plants", [1, 0, 0.5]], [0.75, "association", [1, 0, 0.25]], [0.667, "a kind", [1, 0, 0.16666666666666666]]]}
{"sent_id": 10, "key_list": [[2.0, "chapter", [3, 0, 0.5]], [0.7, "anammox reaction", [1, 0, 0.2]]]}
{"sent_id": 11, "key_list": [[2.5, "anammox", [3, 0, 1.0]], [2.5, "anaerobic ammonium oxidation", [2, 1, 0.5]]]}
{"sent_id": 12, "key_list": [[1.5, "tion", [1, 0, 1.0]], [1.0, "mutualistic microbes", [1, 0, 0.5]], [1.0, "promising anammox microbes", [1, 0, 0.5]]]}
{"sent_id": 13, "key_list": [[1.0, "digesmox reaction", [1, 0, 0.5]], [1.0, "whose cellulose", [1, 0, 0.5]], [1.0, "the anamruminants", [1, 0, 0.5]], [0.75, "grasses", [1, 0, 0.25]], [0.75, "the toxic intermediates", [1, 0, 0.25]]]}
{"sent_id": 14, "key_list": [[1.5, "water", [1, 0, 1.0]], [1.0, "anammox sludge", [1, 0, 0.5]]]}
{"sent_id": 15, "key_list": [[1.5, "india", [1, 0, 1.0]], [1.0, "certain conditions", [1, 0, 0.5]], [0.833, "the coast", [1, 0, 0.3333333333333333]]]}
