{"sent_id": 1, "key_list": [[2.5, "the rare earths", [2, 1, 0.5]], [1.75, "the elements lithium", [1, 1, 0.25]], [1.667, "minerals", [1, 1, 0.16666666666666666]], [1.0, "uranium", [1, 0, 0.5]], [0.833, "cesium", [1, 0, 0.3333333333333333]]]}
{"sent_id": 2, "key_list": [[2.5, "feldspar", [2, 1, 0.5]], [2.0, "muscovite", [2, 0, 1.0]], [1.833, "quartz", [1, 1, 0.3333333333333333]], [1.7, "unusually large crystals", [1, 1, 0.2]], [1.5, "composition", [1, 0, 1.0]], [1.5, "most pegmatites", [2, 0, 0.5]]]}
{"sent_id": 3, "key_list": [[2.5, "the rare earths", [2, 1, 0.5]], [1.833, "atomic numbers", [1, 1, 0.3333333333333333]], [1.75, "15 elements", [1, 1, 0.25]], [1.667, "a group", [1, 1, 0.16666666666666666]], [1.0, "similar properties", [1, 0, 0.5]]]}
{"sent_id": 4, "key_list": [[2.0, "cell phones", [1, 1, 0.5]], [1.75, "rechargeable batteries", [1, 1, 0.25]], [1.5, "computers", [1, 0, 1.0]], [1.5, "they", [1, 0, 1.0]], [1.0, "petroleum refining", [1, 0, 0.5]], [0.75, "useful catalysts", [1, 0, 0.25]], [0.7, "turbines", [1, 0, 0.2]], [0.643, "strong magnets", [1, 0, 0.14285714285714285]]]}
{"sent_id": 5, "key_list": [[2.5, "crystals", [1, 1, 1.0]], [1.5, "length", [1, 0, 1.0]], [1.0, "ion migration", [1, 0, 0.5]], [0.833, "even a few meters", [1, 0, 0.3333333333333333]], [0.833, "a fluid-rich environment", [1, 0, 0.3333333333333333]], [0.75, "several centimeters", [1, 0, 0.25]], [0.7, "the formation", [1, 0, 0.2]], [0.7, "crystallization", [1, 0, 0.2]]]}
{"sent_id": 6, "key_list": [[1.833, "the least abundant elements", [1, 1, 0.3333333333333333]], [1.5, "pegmatites", [1, 0, 1.0]]]}
{"sent_id": 7, "key_list": [[3.0, "feldspar", [2, 1, 1.0]], [2.0, "muscovite", [2, 0, 1.0]], [1.5, "glitter", [1, 0, 1.0]], [1.5, "ceramics", [1, 0, 1.0]], [1.0, "electrical insulation", [1, 0, 0.5]], [0.833, "the production", [1, 0, 0.3333333333333333]]]}
{"sent_id": 8, "key_list": [[1.75, "the host rock", [1, 1, 0.25]], [1.5, "veins", [1, 0, 1.0]], [1.5, "most pegmatites", [2, 0, 0.5]], [1.0, "the magma chamber", [1, 0, 0.5]], [1.0, "large igneous masses", [1, 0, 0.5]], [0.643, "dikes", [1, 0, 0.14285714285714285]]]}
{"sent_id": 9, "key_list": [[1.833, "these unusually large crystals", [1, 1, 0.3333333333333333]], [1.833, "the resulting rocks", [1, 1, 0.3333333333333333]]]}
{"sent_id": 10, "key_list": [[1.0, "the magmatic process", [1, 0, 0.5]], [0.833, "pegmatite deposits magmatic differentiation", [1, 0, 0.3333333333333333]], [0.75, "the late stages", [1, 0, 0.25]]]}
{"sent_id": 11, "key_list": [[1.5, "solidification", [1, 0, 1.0]], [1.0, "the melt", [1, 0, 0.5]], [1.0, "these fluids", [1, 0, 0.5]], [1.0, "the magma body", [1, 0, 0.5]], [1.0, "other volatile substances", [1, 0, 0.5]], [0.833, "the final phase", [1, 0, 0.3333333333333333]], [0.833, "water", [1, 0, 0.3333333333333333]], [0.75, "a high percentage", [1, 0, 0.25]], [0.75, "the bulk", [1, 0, 0.25]]]}
{"sent_id": 12, "key_list": [[1.5, "tourmaline", [1, 0, 1.0]], [1.0, "topaz", [1, 0, 0.5]], [1.0, "some pegmatites", [1, 0, 0.5]], [1.0, "the common silicates", [1, 0, 0.5]], [0.833, "beryl", [1, 0, 0.3333333333333333]], [0.75, "addition", [1, 0, 0.25]], [0.7, "semiprecious gems", [1, 0, 0.2]]]}
{"sent_id": 13, "key_list": [[2.0, "heavy metals", [1, 1, 0.5]], [1.833, "rare elements", [1, 1, 0.3333333333333333]], [1.0, "the residual melt", [1, 0, 0.5]], [1.0, "granitic magmas", [1, 0, 0.5]]]}
