{"sent_id": 1, "key_list": [[2.0, "atoms", [2, 0, 1.0]], [2.0, "a covalent bond", [1, 1, 0.5]], [1.6, "a chemical bond", [1, 1, 0.1]], [1.5, "two hydrogen atoms", [2, 0, 0.5]], [0.833, "a pair", [1, 0, 0.3333333333333333]], [0.75, "the strong attractive force", [1, 0, 0.25]], [0.7, "one or more valence electrons", [1, 0, 0.2]], [0.643, "the sharing", [1, 0, 0.14285714285714285]]]}
{"sent_id": 2, "key_list": [[3.5, "ions", [4, 1, 0.5]], [2.5, "bond", [1, 1, 1.0]], [1.75, "positively and negatively charged atoms", [1, 1, 0.25]], [1.611, "the ionic bond", [1, 1, 0.1111111111111111]], [1.0, "one atom", [1, 0, 0.5]], [0.833, "the easiest type", [1, 0, 0.3333333333333333]], [0.667, "another atom", [1, 0, 0.16666666666666666]]]}
{"sent_id": 3, "key_list": [[3.0, "chlorine", [4, 0, 1.0]], [1.833, "a negatively charged chloride ion", [1, 1, 0.3333333333333333]], [1.5, "one electron", [2, 0, 0.5]], [1.0, "the other hand", [1, 0, 0.5]]]}
{"sent_id": 4, "key_list": [[3.333, "oppositely charged ions", [4, 1, 0.3333333333333333]], [3.0, "chlorine", [4, 0, 1.0]], [2.5, "chlorine", [4, 0, 0.5]], [2.333, "the solid ionic compound sodium chloride", [2, 1, 0.3333333333333333]], [1.833, "a positively charged sodium ion", [1, 1, 0.3333333333333333]], [1.5, "cl", [1, 0, 1.0]], [1.333, "sodium", [2, 0, 0.3333333333333333]], [1.0, "a result", [1, 0, 0.5]], [1.0, "its single valence electron", [1, 0, 0.5]], [1.0, "na", [1, 0, 0.5]], [0.833, "the mineral halite atom", [1, 0, 0.3333333333333333]], [0.667, "the ionic bonding", [1, 0, 0.16666666666666666]]]}
{"sent_id": 5, "key_list": [[2.333, "the solid ionic compound sodium chloride", [2, 1, 0.3333333333333333]], [1.5, "nacl", [1, 0, 1.0]], [1.0, "table salt", [1, 0, 0.5]], [1.0, "both hydrogen atoms", [1, 0, 0.5]], [1.0, "the two electrons", [1, 0, 0.5]], [1.0, "other words", [1, 0, 0.5]]]}
{"sent_id": 6, "key_list": [[4.0, "ions", [4, 1, 1.0]], [3.0, "chlorine", [4, 0, 1.0]], [2.0, "each positive ion", [1, 1, 0.5]], [1.833, "negative ions", [1, 1, 0.3333333333333333]], [1.5, "sodium", [2, 0, 0.5]], [1.0, "all sides", [1, 0, 0.5]], [1.0, "such a manner", [1, 0, 0.5]], [1.0, "that salt", [1, 0, 0.5]], [0.667, "notice", [1, 0, 0.16666666666666666]]]}
{"sent_id": 7, "key_list": [[3.25, "ions", [4, 1, 0.25]], [3.25, "ions", [4, 1, 0.25]], [2.0, "identical charges", [1, 1, 0.5]], [2.0, "opposite charges", [1, 1, 0.5]], [1.667, "the attraction", [3, 0, 0.16666666666666666]], [1.0, "this arrangement", [1, 0, 0.5]], [0.667, "the repulsion", [1, 0, 0.16666666666666666]]]}
{"sent_id": 8, "key_list": [[3.333, "oppositely charged ions", [4, 1, 0.3333333333333333]], [2.0, "an ionic bond", [1, 1, 0.5]], [1.833, "an electrically neutral ionic compound", [1, 1, 0.3333333333333333]], [1.7, "the attraction", [3, 0, 0.2]]]}
{"sent_id": 9, "key_list": [[3.333, "oppositely charged ions", [4, 1, 0.3333333333333333]], [2.0, "atoms", [2, 0, 1.0]], [1.7, "the attraction", [3, 0, 0.2]], [0.833, "the forces", [1, 0, 0.3333333333333333]], [0.643, "the basis", [1, 0, 0.14285714285714285]]]}
{"sent_id": 10, "key_list": [[1.5, "one electron", [2, 0, 0.5]], [1.167, "two hydrogen atoms", [2, 0, 0.16666666666666666]], [1.0, "the atoms", [1, 0, 0.5]], [1.0, "both electrons", [1, 0, 0.5]], [1.0, "the electron configuration", [1, 0, 0.5]], [0.833, "one proton", [1, 0, 0.3333333333333333]], [0.75, "the space", [1, 0, 0.25]]]}
{"sent_id": 11, "key_list": [[3.143, "oppositely charged ions", [4, 1, 0.14285714285714285]], [2.0, "ionic compounds", [1, 1, 0.5]], [1.0, "overall electrical neutrality", [1, 0, 0.5]], [0.75, "a definite ratio", [1, 0, 0.25]], [0.611, "an orderly arrangement", [1, 0, 0.1111111111111111]]]}
{"sent_id": 12, "key_list": [[2.0, "no ions", [1, 1, 0.5]], [1.0, "the hydrogen molecule", [1, 0, 0.5]], [1.0, "one example", [1, 0, 0.5]]]}
{"sent_id": 13, "key_list": [[1.75, "chlorine ions", [1, 1, 0.25]], [1.0, "ordinary table salt", [1, 0, 0.5]]]}
{"sent_id": 14, "key_list": [[1.7, "that ions", [1, 1, 0.2]]]}
{"sent_id": 15, "key_list": [[2.0, "a negative ion", [1, 1, 0.5]], [2.0, "a positive ion", [1, 1, 0.5]], [1.5, "electrons", [1, 0, 1.0]], [1.0, "gains electrons", [1, 0, 0.5]], [0.833, "the atom", [1, 0, 0.3333333333333333]]]}
