{"sent_id": 1, "key_list": [[2.5, "viruses", [1, 1, 1.0]], [2.0, "viral proteins", [1, 1, 0.5]], [2.0, "host proteins", [1, 1, 0.5]], [2.0, "cells", [1, 1, 0.5]], [1.143, "resistance", [2, 0, 0.14285714285714285]], [1.0, "the text", [1, 0, 0.5]], [0.7, "antiviral drugs", [1, 0, 0.2]], [0.611, "difficulty", [1, 0, 0.1111111111111111]]]}
{"sent_id": 2, "key_list": [[2.0, "entry proteins", [1, 1, 0.5]], [1.5, "target", [1, 0, 1.0]], [1.0, "antiviral therapy", [1, 0, 0.5]], [0.833, "polymerases", [1, 0, 0.3333333333333333]], [0.75, "proteases", [1, 0, 0.25]], [0.643, "many challenges", [1, 0, 0.14285714285714285]]]}
{"sent_id": 3, "key_list": [[2.0, "zika virus", [1, 1, 0.5]], [1.833, "the corresponding targeted proteins", [1, 1, 0.3333333333333333]], [1.833, "dengue virus", [1, 1, 0.3333333333333333]], [1.75, "the host cytoplasm", [1, 1, 0.25]], [1.5, "instance", [1, 0, 1.0]], [1.5, "compounds", [1, 0, 1.0]], [1.167, "examples", [2, 0, 0.16666666666666666]], [1.0, "broad-spectrum", [1, 0, 0.5]]]}
{"sent_id": 4, "key_list": [[2.0, "intracellular virus trafficking", [1, 1, 0.5]], [1.0, "potential drug targets", [1, 0, 0.5]]]}
{"sent_id": 5, "key_list": [[2.5, "assembly", [1, 1, 1.0]], [2.0, "genome replication", [1, 1, 0.5]], [2.0, "some enveloped viruses", [1, 1, 0.5]], [1.0, "viral development", [1, 0, 0.5]], [0.833, "the vacuole fusion", [1, 0, 0.3333333333333333]], [0.75, "different stages", [1, 0, 0.25]], [0.667, "entry", [1, 0, 0.16666666666666666]]]}
{"sent_id": 6, "key_list": [[2.0, "many unrelated viruses", [1, 1, 0.5]], [1.5, "humans", [1, 0, 1.0]], [1.0, "rodent models", [1, 0, 0.5]], [1.0, "the glucosidase inhibitor celgosivir", [1, 0, 0.5]]]}
{"sent_id": 7, "key_list": [[1.5, "actions", [1, 0, 1.0]], [1.5, "interactions", [1, 0, 1.0]], [0.833, "these direct-acting antivirals", [1, 0, 0.3333333333333333]], [0.833, "a perceived network", [1, 0, 0.3333333333333333]], [0.7, "drug mechanisms limitation", [1, 0, 0.2]]]}
{"sent_id": 8, "key_list": [[2.0, "examples", [2, 0, 1.0]], [1.0, "the patient", [1, 0, 0.5]], [0.75, "minimal toxic effects", [1, 0, 0.25]]]}
{"sent_id": 9, "key_list": [[1.5, "these drugs", [2, 0, 0.5]], [1.5, "statins", [1, 0, 1.0]], [1.0, "antiviral agents", [1, 0, 0.5]], [0.75, "lipid metabolism", [1, 0, 0.25]]]}
{"sent_id": 10, "key_list": [[2.333, "a host protein", [2, 1, 0.3333333333333333]], [1.833, "some host-targeted drugs", [1, 1, 0.3333333333333333]], [1.0, "anticholesterol metabolism", [1, 0, 0.5]], [1.0, "antimalarial agent", [1, 0, 0.5]], [1.0, "a viral", [1, 0, 0.5]], [0.7, "other purposes", [1, 0, 0.2]], [0.7, "the drug binds", [1, 0, 0.2]]]}
{"sent_id": 11, "key_list": [[2.0, "a virus", [1, 1, 0.5]]]}
{"sent_id": 12, "key_list": [[1.833, "proteins", [1, 1, 0.3333333333333333]], [1.0, "augment innate immune responses", [1, 0, 0.5]], [1.0, "the drug", [1, 0, 0.5]], [0.75, "the folding", [1, 0, 0.25]], [0.643, "inhibitors", [1, 0, 0.14285714285714285]]]}
{"sent_id": 13, "key_list": [[2.5, "a host protein", [2, 1, 0.5]], [2.0, "resistance", [2, 0, 1.0]], [0.75, "the likelihood", [1, 0, 0.25]]]}
{"sent_id": 14, "key_list": [[2.0, "multiple viruses", [1, 1, 0.5]], [1.7, "thought question cell pathways", [1, 1, 0.2]]]}
{"sent_id": 15, "key_list": []}
{"sent_id": 16, "key_list": [[1.0, "this need", [1, 0, 0.5]], [0.833, "new broad-spectrum antivirals", [1, 0, 0.3333333333333333]]]}
{"sent_id": 17, "key_list": [[1.0, "the filovirus ebola", [1, 0, 0.5]], [1.0, "mers-cov", [1, 0, 0.5]], [0.833, "sars-cov", [1, 0, 0.3333333333333333]]]}
{"sent_id": 18, "key_list": [[1.833, "the drug inhibits virus", [1, 1, 0.3333333333333333]], [1.0, "viral threats", [1, 0, 0.5]], [1.0, "a therapeutic concentration", [1, 0, 0.5]], [0.7, "newer, rapidly window", [1, 0, 0.2]], [0.643, "adequate protection", [1, 0, 0.14285714285714285]]]}
{"sent_id": 19, "key_list": [[0.833, "narrow-spectrum antivirals", [1, 0, 0.3333333333333333]]]}
{"sent_id": 20, "key_list": [[2.0, "virus coverage", [1, 1, 0.5]], [1.5, "toxicity", [1, 0, 1.0]], [1.0, "another worry", [1, 0, 0.5]]]}
{"sent_id": 21, "key_list": [[2.5, "host", [1, 1, 1.0]], [1.0, "selective toxicity", [1, 0, 0.5]], [0.75, "a complex some measure", [1, 0, 0.25]]]}
{"sent_id": 22, "key_list": [[1.5, "antivirals", [1, 0, 1.0]], [1.5, "these drugs", [2, 0, 0.5]], [0.833, "chloroquine inhibits endosome acidification", [1, 0, 0.3333333333333333]]]}
{"sent_id": 23, "key_list": [[2.0, "host transcripts", [1, 1, 0.5]]]}
{"sent_id": 24, "key_list": [[2.5, "protein", [1, 1, 1.0]], [2.0, "host mrna", [1, 1, 0.5]], [1.5, "mrna", [1, 0, 1.0]], [1.0, "the nucleus", [1, 0, 0.5]], [0.75, "the cytoplasm", [1, 0, 0.25]], [0.667, "export", [1, 0, 0.16666666666666666]], [0.611, "the 5\u00b4 7-methylguanosine cap", [1, 0, 0.1111111111111111]]]}
{"sent_id": 25, "key_list": [[2.0, "the enzyme", [1, 1, 0.5]], [1.0, "further investigation", [1, 0, 0.5]]]}
{"sent_id": 26, "key_list": [[1.0, "proper folding", [1, 0, 0.5]], [0.75, "erlotinib", [1, 0, 0.25]], [0.7, "kinase inhibitors", [1, 0, 0.2]]]}
