{"sent_id": 1, "key_list": [[2.5, "innate immunity", [2, 1, 0.5]], [1.833, "natural killer cells", [1, 1, 0.3333333333333333]], [1.75, "interferon", [1, 1, 0.25]], [1.5, "phagocytosis", [1, 0, 1.0]], [1.0, "nonspecific killing", [1, 0, 0.5]], [0.833, "inflammation", [1, 0, 0.3333333333333333]], [0.75, "infection", [1, 0, 0.25]], [0.75, "our coverage", [1, 0, 0.25]], [0.7, "neutrophil extracellular traps", [1, 0, 0.2]], [0.667, "physical and chemical barriers", [1, 0, 0.16666666666666666]]]}
{"sent_id": 2, "key_list": [[2.5, "innate immunity", [2, 1, 0.5]], [2.25, "the immune system", [2, 1, 0.25]], [2.0, "organs", [2, 0, 1.0]], [1.667, "various cells", [1, 1, 0.16666666666666666]], [1.5, "we", [1, 0, 1.0]], [1.0, "a whole", [1, 0, 0.5]]]}
{"sent_id": 3, "key_list": [[2.0, "the innate defense mechanisms", [1, 1, 0.5]], [1.5, "it", [1, 0, 1.0]]]}
{"sent_id": 4, "key_list": [[2.0, "disease", [2, 0, 1.0]], [1.833, "the host\u2019s physical and chemical barriers", [1, 1, 0.3333333333333333]], [1.833, "a human or other animal", [1, 1, 0.3333333333333333]], [1.0, "the body", [1, 0, 0.5]], [0.75, "entrance", [1, 0, 0.25]], [0.7, "a successful attack", [1, 0, 0.2]], [0.611, "any microbe", [1, 0, 0.1111111111111111]]]}
{"sent_id": 5, "key_list": [[2.333, "the immune system", [2, 1, 0.3333333333333333]], [2.0, "disease", [2, 0, 1.0]], [1.5, "antibiotics", [1, 0, 1.0]], [1.167, "a person", [2, 0, 0.16666666666666666]], [1.0, "a preventive measure", [1, 0, 0.5]], [1.0, "certain microorganisms", [1, 0, 0.5]], [1.0, "the individual", [1, 0, 0.5]], [1.0, "infecting organisms", [1, 0, 0.5]], [0.75, "the number", [1, 0, 0.25]]]}
{"sent_id": 6, "key_list": [[1.5, "a person", [2, 0, 0.5]], [1.0, "the disease", [1, 0, 0.5]], [1.0, "an infectious agent", [1, 0, 0.5]], [0.75, "contact", [1, 0, 0.25]]]}
{"sent_id": 7, "key_list": [[2.0, "the various innate defense mechanisms", [1, 1, 0.5]], [1.0, "this chapter", [1, 0, 0.5]], [0.75, "the rest", [1, 0, 0.25]]]}
{"sent_id": 8, "key_list": [[2.0, "organs", [2, 0, 1.0]], [2.0, "cells", [1, 1, 0.5]], [1.833, "innate and adaptive immunity", [1, 1, 0.3333333333333333]], [1.5, "immunity", [1, 0, 1.0]], [1.0, "separate entities", [1, 0, 0.5]], [0.833, "both types", [1, 0, 0.3333333333333333]], [0.75, "certain kinds", [1, 0, 0.25]], [0.7, "a role", [1, 0, 0.2]]]}
{"sent_id": 9, "key_list": [[2.5, "adaptive immunity", [2, 1, 0.5]], [2.5, "defense", [1, 1, 1.0]], [2.0, "innate immune defenses", [1, 1, 0.5]], [1.5, "the microbe", [2, 0, 0.5]], [1.5, "the microbe", [2, 0, 0.5]], [0.643, "the last line", [1, 0, 0.14285714285714285]]]}
{"sent_id": 10, "key_list": [[1.5, "chapter", [2, 0, 0.5]], [1.0, "a disease", [1, 0, 0.5]], [0.667, "the difference", [1, 0, 0.16666666666666666]]]}
{"sent_id": 11, "key_list": [[2.5, "adaptive immunity", [2, 1, 0.5]], [1.5, "chapter", [2, 0, 0.5]]]}
