{"sent_id": 1, "key_list": [[4.0, "silica", [4, 1, 1.0]], [3.0, "calcium", [2, 1, 1.0]], [2.5, "potassium", [1, 1, 1.0]], [2.5, "magnesium", [2, 1, 0.5]], [2.0, "sodium", [1, 1, 0.5]], [1.833, "very little iron", [1, 1, 0.3333333333333333]], [1.5, "contrast", [1, 0, 1.0]]]}
{"sent_id": 2, "key_list": [[4.0, "silica", [4, 1, 1.0]], [3.0, "calcium", [2, 1, 1.0]], [2.5, "magnesium", [2, 1, 0.5]], [1.833, "iron", [1, 1, 0.3333333333333333]], [1.5, "example", [1, 0, 1.0]], [0.75, "rocks", [1, 0, 0.25]], [0.7, "large amounts", [1, 0, 0.2]]]}
{"sent_id": 3, "key_list": [[4.0, "silica", [4, 1, 1.0]], [1.0, "other elements", [1, 0, 0.5]], [1.0, "igneous rocks", [1, 0, 0.5]], [0.75, "the abundance", [1, 0, 0.25]], [0.75, "the percentage", [1, 0, 0.25]], [0.667, "a systematic manner", [1, 0, 0.16666666666666666]]]}
{"sent_id": 4, "key_list": [[2.0, "pyroxene silica", [1, 1, 0.5]], [1.833, "temperatures", [1, 1, 0.3333333333333333]], [1.833, "a high silica content", [1, 1, 0.3333333333333333]], [1.5, "basaltic magmas", [2, 0, 0.5]], [1.5, "hand", [1, 0, 1.0]]]}
{"sent_id": 5, "key_list": [[1.7, "temperatures amounts", [1, 1, 0.2]], [1.667, "higher temperatures", [1, 1, 0.16666666666666666]], [1.5, "basaltic magmas", [2, 0, 0.5]], [1.0, "plagioclase feldspar", [1, 0, 0.5]], [1.0, "substantial magmas", [1, 0, 0.5]], [0.833, "dark colored silicates", [1, 0, 0.3333333333333333]], [0.75, "granitic igneous rock", [1, 0, 0.25]]]}
{"sent_id": 6, "key_list": [[2.0, "its feldspar silica content", [1, 1, 0.5]], [1.0, "an igneous rock", [1, 0, 0.5]], [0.75, "the chemical makeup", [1, 0, 0.25]]]}
{"sent_id": 7, "key_list": [[4.0, "silica", [4, 1, 1.0]], [1.0, "its behavior", [1, 0, 0.5]], [0.75, "the amount", [1, 0, 0.25]]]}
{"sent_id": 8, "key_list": [[2.0, "felsic rocks", [1, 1, 0.5]], [1.833, "lightcolored silicates\u2014quartz and potassium feldspar", [1, 1, 0.3333333333333333]], [1.75, "70 percent", [1, 1, 0.25]], [0.667, "igneous rock", [1, 0, 0.16666666666666666]]]}
