{"sent_id": 1, "key_list": [[6.0, "quartz", [8, 1, 1.0]], [1.0, "good crystal faces", [1, 0, 0.5]], [1.0, "most other clear minerals", [1, 0, 0.5]], [0.7, "forms", [1, 0, 0.2]], [0.667, "impurities", [1, 0, 0.16666666666666666]], [0.643, "various ions", [1, 0, 0.14285714285714285]], [0.611, "inclusions", [1, 0, 0.1111111111111111]]]}
{"sent_id": 2, "key_list": [[6.0, "quartz", [8, 1, 1.0]], [1.833, "the most common varieties", [1, 1, 0.3333333333333333]], [1.75, "citrine", [1, 1, 0.25]], [1.7, "amethyst", [1, 1, 0.2]], [1.0, "rock crystal", [1, 0, 0.5]], [1.0, "(purple", [1, 0, 0.5]]]}
{"sent_id": 3, "key_list": [[6.0, "quartz", [8, 1, 1.0]], [1.0, "the term silica", [1, 0, 0.5]]]}
{"sent_id": 4, "key_list": [[6.0, "quartz", [8, 1, 1.0]], [1.5, "interference", [1, 0, 1.0]], [0.833, "pyramid-shaped ends", [1, 0, 0.3333333333333333]], [0.7, "hexagonal crystals", [1, 0, 0.2]]]}
{"sent_id": 5, "key_list": [[6.0, "quartz", [8, 1, 1.0]], [1.5, "cleavage", [1, 0, 1.0]]]}
{"sent_id": 6, "key_list": [[6.0, "quartz", [8, 1, 1.0]], [1.0, "oxygen type", [1, 0, 0.5]], [0.833, "the strong silicon\u2013", [1, 0, 0.3333333333333333]], [0.833, "all the bonds", [1, 0, 0.3333333333333333]]]}
{"sent_id": 7, "key_list": [[6.0, "quartz", [8, 1, 1.0]], [2.0, "oxygen", [2, 0, 1.0]], [1.833, "a three-dimensional framework", [1, 1, 0.3333333333333333]], [1.5, "si41", [1, 0, 1.0]], [1.0, "adjacent silicon atoms", [1, 0, 0.5]], [1.0, "no other positive ions", [1, 0, 0.5]], [0.75, "the complete sharing", [1, 0, 0.25]]]}
{"sent_id": 8, "key_list": [[6.0, "quartz", [8, 1, 1.0]], [2.0, "conchoidal fracture", [1, 1, 0.5]]]}
{"sent_id": 9, "key_list": [[2.0, "oxygen", [2, 0, 1.0]], [1.0, "silicon", [1, 0, 0.5]], [0.7, "mineral", [1, 0, 0.2]]]}
