{"sent_id": 1, "key_list": [[2.5, "peptidoglycan", [1, 1, 1.0]], [2.0, "an outer membrane", [1, 1, 0.5]], [1.643, "a thin cell wall", [1, 1, 0.14285714285714285]], [1.333, "proteobacteria", [2, 0, 0.3333333333333333]], [1.0, "gram-negative", [1, 0, 0.5]], [0.7, "one or two layers", [1, 0, 0.2]]]}
{"sent_id": 2, "key_list": [[2.0, "proteobacteria", [2, 0, 1.0]], [1.833, "escherichia coli", [1, 1, 0.3333333333333333]], [1.0, "sinorhizobium meliloti", [1, 0, 0.5]], [1.0, "the phylum", [1, 0, 0.5]], [0.7, "gram-negative species", [1, 0, 0.2]]]}
{"sent_id": 3, "key_list": [[2.5, "envelopes", [1, 1, 1.0]], [1.643, "other diverse kinds", [1, 1, 0.14285714285714285]], [1.5, "archaea", [1, 0, 1.0]], [0.75, "gram stain", [1, 0, 0.25]]]}
{"sent_id": 4, "key_list": [[1.0, "chapter", [1, 0, 0.5]]]}
{"sent_id": 5, "key_list": [[1.833, "the gram-positive cell wall", [1, 1, 0.3333333333333333]], [1.0, "phosphodiester chains", [1, 0, 0.5]], [0.833, "ribitol", [1, 0, 0.3333333333333333]], [0.75, "glycerol", [1, 0, 0.25]]]}
