{"sent_id": 1, "key_list": [[2.5, "fatty acids", [2, 1, 0.5]], [1.75, "the lipid components", [1, 1, 0.25]], [1.7, "cell membranes", [1, 1, 0.2]], [1.643, "the phospholipids", [1, 1, 0.14285714285714285]], [1.5, "glycerol", [1, 0, 1.0]], [1.0, "envelope proteins", [1, 0, 0.5]]]}
{"sent_id": 2, "key_list": [[2.0, "fatty acid biosynthesis", [1, 1, 0.5]], [0.833, "enoyl-acp reductase", [1, 0, 0.3333333333333333]], [0.7, "an inhibitor", [1, 0, 0.2]], [0.667, "triclosan", [1, 0, 0.16666666666666666]], [0.625, "antimicrobial drugs", [1, 0, 0.125]], [0.6, "targets", [1, 0, 0.1]]]}
{"sent_id": 3, "key_list": [[1.5, "tetracycline", [1, 0, 1.0]], [1.333, "polyesters", [2, 0, 0.3333333333333333]], [1.0, "polyketide antibiotics", [1, 0, 0.5]], [1.0, "related condensation pathways", [1, 0, 0.5]], [0.7, "materials", [1, 0, 0.2]]]}
{"sent_id": 4, "key_list": [[2.0, "amino acids", [1, 1, 0.5]], [1.667, "more complex nonrepeating structures", [1, 1, 0.16666666666666666]], [1.5, "contrast", [1, 0, 1.0]], [1.0, "section", [1, 0, 0.5]], [1.0, "long operons", [1, 0, 0.5]], [1.0, "whose biosynthetic enzymes", [1, 0, 0.5]], [0.75, "other cell components", [1, 0, 0.25]]]}
{"sent_id": 5, "key_list": [[2.333, "fatty acids", [2, 1, 0.3333333333333333]], [2.0, "polyesters", [2, 0, 1.0]], [1.833, "long-chain molecules", [1, 1, 0.3333333333333333]], [1.0, "different enzymes", [1, 0, 0.5]], [1.0, "polyketides", [1, 0, 0.5]], [0.75, "a relatively small number", [1, 0, 0.25]], [0.7, "the repeating form", [1, 0, 0.2]]]}
{"sent_id": 6, "key_list": [[1.0, "benzoate catabolism", [1, 0, 0.5]], [1.0, "cell parts", [1, 0, 0.5]], [0.833, "sections", [1, 0, 0.3333333333333333]], [0.833, "glycolysis", [1, 0, 0.3333333333333333]], [0.833, "acetyl-coa. acetyl-coa", [1, 0, 0.3333333333333333]], [0.75, "the biosynthesis", [1, 0, 0.25]], [0.7, "catabolic pathways", [1, 0, 0.2]], [0.7, "small, versatile substrates", [1, 0, 0.2]], [0.643, "a product", [1, 0, 0.14285714285714285]]]}
{"sent_id": 7, "key_list": [[2.0, "the acetyl group", [1, 1, 0.5]]]}
