{"sent_id": 1, "key_list": [[3.0, "minerals", [2, 1, 1.0]], [2.5, "rocks", [2, 1, 0.5]], [1.667, "slowly moving groundwater", [1, 1, 0.16666666666666666]], [1.5, "sediments", [1, 0, 1.0]], [1.5, "voids", [1, 0, 1.0]], [0.75, "fractures", [1, 0, 0.25]]]}
{"sent_id": 2, "key_list": [[3.0, "geodes", [2, 1, 1.0]], [1.833, "other less common minerals", [1, 1, 0.3333333333333333]], [1.643, "spectacular crystals", [1, 1, 0.14285714285714285]], [0.75, "calcite", [1, 0, 0.25]], [0.7, "quartz", [1, 0, 0.2]]]}
{"sent_id": 3, "key_list": [[3.0, "rocks", [2, 1, 1.0]], [2.5, "silica", [1, 1, 1.0]], [2.111, "geodes", [2, 1, 0.1111111111111111]], [2.0, "groundwater precipitates", [1, 1, 0.5]], [2.0, "this one form", [1, 1, 0.5]], [1.833, "cavities", [1, 1, 0.3333333333333333]], [1.667, "quartz crystals", [1, 1, 0.16666666666666666]]]}
{"sent_id": 4, "key_list": [[2.5, "groundwater", [1, 1, 1.0]], [1.75, "inwardprojecting crystals", [1, 1, 0.25]], [0.75, "one interesting example", [1, 0, 0.25]], [0.667, "a somewhat spherically shaped object", [1, 0, 0.16666666666666666]]]}
{"sent_id": 5, "key_list": [[2.0, "the solution", [3, 0, 0.5]], [2.0, "saturation", [2, 0, 1.0]], [1.5, "bond", [1, 0, 1.0]], [1.0, "the ions", [1, 0, 0.5]], [0.833, "crystalline solids", [1, 0, 0.3333333333333333]]]}
{"sent_id": 6, "key_list": [[3.0, "minerals", [2, 1, 1.0]], [1.5, "ions", [1, 0, 1.0]], [1.0, "dissolved material matter", [1, 0, 0.5]], [0.75, "an aqueous (water) solution", [1, 0, 0.25]], [0.75, "the most familiar way", [1, 0, 0.25]]]}
{"sent_id": 7, "key_list": [[2.0, "saturation", [2, 0, 1.0]], [2.0, "the solution", [3, 0, 0.5]], [1.5, "evaporation", [1, 0, 1.0]], [1.5, "water", [1, 0, 1.0]], [1.0, "temperature", [1, 0, 0.5]], [0.75, "a drop", [1, 0, 0.25]], [0.7, "two factors", [1, 0, 0.2]]]}
{"sent_id": 8, "key_list": [[1.5, "thickness", [1, 0, 1.0]], [1.5, "meters", [1, 0, 1.0]], [1.5, "deposits", [1, 0, 1.0]], [1.0, "see page", [1, 0, 0.5]], [0.833, "ancient seas", [1, 0, 0.3333333333333333]], [0.833, "hundreds", [1, 0, 0.3333333333333333]], [0.7, "evidence", [1, 0, 0.2]]]}
{"sent_id": 9, "key_list": [[1.5, "work", [1, 0, 1.0]], [1.5, "this process", [2, 0, 0.5]], [1.5, "utah", [1, 0, 1.0]], [1.0, "salar de uyuni", [1, 0, 0.5]], [0.833, "bolivia\u2019s great salt", [1, 0, 0.3333333333333333]], [0.75, "good examples", [1, 0, 0.25]], [0.75, "the great salt lake", [1, 0, 0.25]]]}
{"sent_id": 10, "key_list": [[2.0, "the solution", [3, 0, 0.5]], [1.0, "the dissolved ions", [1, 0, 0.5]], [0.75, "the motion", [1, 0, 0.25]]]}
{"sent_id": 11, "key_list": [[1.0, "other soluble salts", [1, 0, 0.5]], [1.0, "these water bodies", [1, 0, 0.5]], [1.0, "high evaporation rates", [1, 0, 0.5]], [0.75, "arid regions", [1, 0, 0.25]]]}
{"sent_id": 12, "key_list": [[1.5, "production", [1, 0, 1.0]], [1.0, "the world", [1, 0, 0.5]], [1.0, "south africa", [1, 0, 0.5]], [0.833, "79%", [1, 0, 0.3333333333333333]]]}
{"sent_id": 13, "key_list": [[1.5, "gold", [1, 0, 1.0]], [1.0, "its beauty", [1, 0, 0.5]], [0.75, "recorded history", [1, 0, 0.25]]]}
{"sent_id": 14, "key_list": [[1.5, "this process", [2, 0, 0.5]], [1.0, "chapter", [1, 0, 0.5]], [1.0, "greater detail", [1, 0, 0.5]]]}
{"sent_id": 15, "key_list": [[1.667, "intergrown crystals", [1, 1, 0.16666666666666666]], [1.591, "igneous rocks", [1, 1, 0.09090909090909091]], [0.833, "well-developed planar surfaces", [1, 0, 0.3333333333333333]]]}
