{"sent_id": 1, "key_list": [[4.143, "c-di-gmp", [8, 0, 0.14285714285714285]], [1.667, "the bacterial cell", [1, 1, 0.16666666666666666]], [1.611, "synthesis", [1, 1, 0.1111111111111111]], [1.0, "effector proteins", [1, 0, 0.5]], [0.75, "search", [1, 0, 0.25]]]}
{"sent_id": 2, "key_list": [[2.0, "stationary phase", [1, 1, 0.5]], [1.5, "contrast", [1, 0, 1.0]], [1.333, "c-di-gmp level", [2, 0, 0.3333333333333333]]]}
{"sent_id": 3, "key_list": [[4.2, "c-di-gmp", [8, 0, 0.2]], [1.833, "stationary phase exponential phase cells", [1, 1, 0.3333333333333333]], [1.5, "biofilm formation", [2, 0, 0.5]], [0.643, "no swim high levels", [1, 0, 0.14285714285714285]]]}
{"sent_id": 4, "key_list": [[4.5, "c-di-gmp", [8, 0, 0.5]], [1.833, "[bis-(3\u2032-5\u2032)-cyclic dimeric ing flagellar synthesis genes", [1, 1, 0.3333333333333333]], [1.143, "the transition", [2, 0, 0.14285714285714285]], [0.833, "biofilm-promotguanosine monophosphate", [1, 0, 0.3333333333333333]], [0.833, "the molecule", [1, 0, 0.3333333333333333]], [0.75, "\u25a0 cyclic di-gmp", [1, 0, 0.25]], [0.7, "repressfigure", [1, 0, 0.2]]]}
{"sent_id": 5, "key_list": [[2.0, "pdes", [2, 0, 1.0]], [1.833, "cyclic di-gmp", [3, 0, 0.3333333333333333]], [1.7, "stationary phase tiate degradation", [1, 1, 0.2]], [1.5, "dgcs", [1, 0, 1.0]], [1.5, "(c-di-gmp", [2, 0, 0.5]], [1.5, "pseudomonas", [1, 0, 1.0]], [1.0, "different conditions", [1, 0, 0.5]], [1.0, "a difflagella ferent signal", [1, 0, 0.5]], [1.0, "phosphodiesterases", [1, 0, 0.5]], [1.0, "diguanylate cyclases", [1, 0, 0.5]], [0.833, "c-di-gmp levels", [1, 0, 0.3333333333333333]], [0.833, "c-di-gmp nella", [1, 0, 0.3333333333333333]], [0.667, "dedicated phosphodiesterases", [1, 0, 0.16666666666666666]]]}
{"sent_id": 6, "key_list": [[2.5, "motility", [3, 0, 1.0]], [2.5, "growth", [1, 1, 1.0]], [2.0, "(stationary phase", [1, 1, 0.5]], [1.833, "post-exponential growth", [1, 1, 0.3333333333333333]], [1.667, "the synthesis", [1, 1, 0.16666666666666666]], [1.5, "strategy", [1, 0, 1.0]], [1.5, "resources", [1, 0, 1.0]], [1.0, "curli pili increases", [1, 0, 0.5]], [1.0, "a huge energy savings", [1, 0, 0.5]], [1.0, "the organism", [1, 0, 0.5]], [0.833, "the highly motile state", [1, 0, 0.3333333333333333]], [0.75, "adhesins", [1, 0, 0.25]]]}
{"sent_id": 7, "key_list": [[2.0, "motility", [3, 0, 0.5]], [1.5, "scavenging", [1, 0, 1.0]], [0.833, "-di-gmp concentration", [1, 0, 0.3333333333333333]]]}
{"sent_id": 8, "key_list": [[2.0, "batch cultures", [1, 1, 0.5]], [1.5, "the transition", [2, 0, 0.5]]]}
{"sent_id": 9, "key_list": [[4.5, "c-di-gmp", [8, 0, 0.5]], [2.0, "exponential phase", [1, 1, 0.5]], [1.75, "motility", [3, 0, 0.25]], [1.5, "food", [1, 0, 1.0]], [0.833, "the search", [1, 0, 0.3333333333333333]], [0.75, "high lower levels", [1, 0, 0.25]]]}
{"sent_id": 10, "key_list": [[1.833, "cyclic di-gmp", [3, 0, 0.3333333333333333]], [1.5, "biofilm formation", [2, 0, 0.5]], [1.5, "(c-di-gmp", [2, 0, 0.5]], [1.0, "another important second messenger", [1, 0, 0.5]], [0.833, "timing", [1, 0, 0.3333333333333333]], [0.7, "one key", [1, 0, 0.2]]]}
{"sent_id": 11, "key_list": [[4.5, "c-di-gmp", [8, 0, 0.5]], [2.5, "bacteria", [1, 1, 1.0]], [2.0, "salmonella", [2, 0, 1.0]], [2.0, "cyclic di-gmp", [3, 0, 0.5]], [0.833, "production", [1, 0, 0.3333333333333333]], [0.833, "a ubiq\u25a0 second messenger", [1, 0, 0.3333333333333333]]]}
{"sent_id": 12, "key_list": [[4.5, "c-di-gmp", [8, 0, 0.5]], [2.0, "biofilms", [2, 0, 1.0]], [2.0, "salmonella", [2, 0, 1.0]], [2.0, "biofilms", [2, 0, 1.0]], [2.0, "adherent cells", [1, 1, 0.5]], [1.833, "post-exponentime tial phase", [1, 1, 0.3333333333333333]], [1.833, "highly motile cells", [1, 1, 0.3333333333333333]]]}
{"sent_id": 13, "key_list": [[2.0, "the cells", [1, 1, 0.5]], [1.0, "chapter", [1, 0, 0.5]], [1.0, "exopolysaccharide matrix", [1, 0, 0.5]], [1.0, "a surface", [1, 0, 0.5]]]}
{"sent_id": 14, "key_list": [[4.5, "c-di-gmp", [8, 0, 0.5]], [1.0, "a biofilm", [1, 0, 0.5]], [1.0, "c-diproteins", [1, 0, 0.5]], [1.0, "motif proteins", [1, 0, 0.5]]]}
{"sent_id": 15, "key_list": [[2.0, "liquid medium", [1, 1, 0.5]], [0.75, "biofilm", [1, 0, 0.25]]]}
{"sent_id": 16, "key_list": [[4.5, "c-di-gmp", [8, 0, 0.5]], [0.75, "motility and relative enzyme levels", [1, 0, 0.25]]]}
{"sent_id": 17, "key_list": [[1.333, "c-di-gmp level", [2, 0, 0.3333333333333333]]]}
{"sent_id": 18, "key_list": [[2.0, "pdes", [2, 0, 1.0]], [1.5, "postbiofilm", [1, 0, 1.0]]]}
{"sent_id": 19, "key_list": [[0.833, "the single-letter amino acid abbreviations", [1, 0, 0.3333333333333333]], [0.7, "explanation", [1, 0, 0.2]]]}
{"sent_id": 20, "key_list": [[1.5, "coordination", [1, 0, 1.0]]]}
{"sent_id": 21, "key_list": [[1.7, "genes", [1, 1, 0.2]], [0.833, "those encoding curli pili", [1, 0, 0.3333333333333333]]]}
{"sent_id": 22, "key_list": [[1.0, "an adhesive multicellular biofilm", [1, 0, 0.5]]]}
