{"sent_id": 1, "key_list": [[3.0, "smallpox", [2, 1, 1.0]], [2.5, "cowpox", [1, 1, 1.0]], [2.5, "vaccination", [1, 1, 1.0]], [2.0, "edward jenner", [1, 1, 0.5]], [1.833, "inoculation", [1, 1, 0.3333333333333333]], [0.75, "the practice", [1, 0, 0.25]]]}
{"sent_id": 2, "key_list": [[2.0, "the rabies vaccine", [1, 1, 0.5]], [2.0, "louis pasteur", [1, 1, 0.5]], [1.643, "the first vaccines", [1, 1, 0.14285714285714285]], [0.75, "attenuated strains", [1, 0, 0.25]]]}
{"sent_id": 3, "key_list": [[2.5, "pathogens", [1, 1, 1.0]], [1.5, "patient", [1, 0, 1.0]], [1.5, "doctor", [1, 0, 1.0]], [1.5, "antiseptics", [1, 0, 1.0]], [1.0, "joseph lister", [1, 0, 0.5]], [0.833, "transmission", [1, 0, 0.3333333333333333]], [0.833, "ignaz semmelweis", [1, 0, 0.3333333333333333]]]}
{"sent_id": 4, "key_list": [[2.0, "a disease", [1, 1, 0.5]], [1.5, "criteria", [1, 0, 1.0]], [0.833, "an infectious agent", [1, 0, 0.3333333333333333]], [0.833, "a set", [1, 0, 0.3333333333333333]], [0.833, "koch\u2019s postulates", [1, 0, 0.3333333333333333]], [0.7, "a causative link", [1, 0, 0.2]]]}
{"sent_id": 5, "key_list": [[3.0, "smallpox", [2, 1, 1.0]], [1.833, "jenner\u2019s discovery", [1, 1, 0.3333333333333333]], [1.5, "others", [1, 0, 1.0]], [1.0, "future cases", [1, 0, 0.5]], [1.0, "lady mary montagu", [1, 0, 0.5]], [0.833, "a mild case", [1, 0, 0.3333333333333333]], [0.7, "earlier observations", [1, 0, 0.2]]]}
{"sent_id": 6, "key_list": [[1.5, "container", [1, 0, 1.0]], [1.0, "julius petri", [1, 0, 0.5]], [1.0, "pure culture", [1, 0, 0.5]], [1.0, "robert koch", [1, 0, 0.5]], [0.75, "techniques", [1, 0, 0.25]]]}
{"sent_id": 7, "key_list": [[1.0, "human lives", [1, 0, 0.5]], [1.0, "ernst chain", [1, 0, 0.5]], [0.833, "howard florey", [1, 0, 0.3333333333333333]], [0.75, "the first commercial antibiotic", [1, 0, 0.25]], [0.7, "the substance penicillin", [1, 0, 0.2]]]}
{"sent_id": 8, "key_list": [[1.5, "bacteria", [1, 0, 1.0]], [1.0, "the penicillium mold", [1, 0, 0.5]], [1.0, "alexander fleming", [1, 0, 0.5]], [0.833, "a substance", [1, 0, 0.3333333333333333]]]}
{"sent_id": 9, "key_list": [[1.25, "viruses", [2, 0, 0.25]], [1.0, "filterable infective particles", [1, 0, 0.5]], [1.0, "martinus beijerinck", [1, 0, 0.5]], [0.833, "dmitri ivanovsky", [1, 0, 0.3333333333333333]]]}
{"sent_id": 10, "key_list": [[1.5, "cells", [1, 0, 1.0]], [1.25, "viruses", [2, 0, 0.25]], [0.833, "all kinds", [1, 0, 0.3333333333333333]]]}
