{"sent_id": 1, "key_list": [[2.0, "membrane protein", [1, 1, 0.5]], [1.7, "release", [1, 1, 0.2]], [1.667, "virion assembly", [1, 1, 0.16666666666666666]], [1.5, "\u2022", [1, 0, 1.0]], [0.833, "cell-surface tetherins", [1, 0, 0.3333333333333333]]]}
{"sent_id": 2, "key_list": [[2.0, "host cell membrane", [1, 1, 0.5]], [2.0, "the envelope", [1, 1, 0.5]], [1.5, "the core", [2, 0, 0.5]]]}
{"sent_id": 3, "key_list": [[1.667, "virions", [1, 1, 0.16666666666666666]], [1.643, "virion component", [1, 1, 0.14285714285714285]], [1.0, "the infected cell", [1, 0, 0.5]], [0.75, "immune response", [1, 0, 0.25]]]}
{"sent_id": 4, "key_list": [[2.0, "the nucleus", [1, 1, 0.5]], [1.5, "mitosis", [1, 0, 1.0]], [0.75, "cells", [1, 0, 0.25]]]}
{"sent_id": 5, "key_list": [[0.833, "t-cell growth", [1, 0, 0.3333333333333333]], [0.75, "arrests", [1, 0, 0.25]]]}
{"sent_id": 6, "key_list": [[1.643, "vif, vpr, vpu, rev, tat, nef. \n\nvirion component", [1, 1, 0.14285714285714285]]]}
{"sent_id": 7, "key_list": [[2.0, "influenza virus", [1, 1, 0.5]], [2.0, "the membrane", [1, 1, 0.5]], [2.0, "capsid", [1, 1, 0.5]], [1.7, "spike proteins", [1, 1, 0.2]], [1.5, "the core", [2, 0, 0.5]], [1.0, "the matrix", [1, 0, 0.5]], [0.833, "electron-dense core particle", [1, 0, 0.3333333333333333]]]}
