{"sent_id": 1, "key_list": [[2.0, "progeny cells", [1, 1, 0.5]], [1.833, "the cell mass breaks", [1, 1, 0.3333333333333333]], [0.75, "hundreds", [1, 0, 0.25]]]}
{"sent_id": 2, "key_list": [[2.0, "daughter cells", [1, 1, 0.5]], [2.0, "multiple fissions", [1, 1, 0.5]], [1.643, "cell aggregates", [1, 1, 0.14285714285714285]], [1.5, "example", [1, 0, 1.0]], [1.0, "some cyanobacteria", [1, 0, 0.5]], [0.75, "dozens", [1, 0, 0.25]]]}
{"sent_id": 3, "key_list": [[2.0, "a given time", [1, 1, 0.5]], [2.0, "cell numbers", [1, 1, 0.5]], [1.75, "the unlimited growth", [1, 1, 0.25]], [1.667, "rate", [1, 1, 0.16666666666666666]], [1.643, "the growth rate", [1, 1, 0.14285714285714285]], [1.5, "the population size", [2, 0, 0.5]], [1.5, "biomass", [1, 0, 1.0]], [1.0, "a simple law", [1, 0, 0.5]], [1.0, "any population", [1, 0, 0.5]], [0.75, "increase", [1, 0, 0.25]]]}
{"sent_id": 4, "key_list": [[2.5, "generations", [1, 1, 1.0]], [2.5, "generation", [1, 1, 1.0]], [2.0, "two time points", [1, 1, 0.5]], [2.0, "any given time", [1, 1, 0.5]], [2.0, "each cell", [1, 1, 0.5]], [1.833, "the number", [1, 1, 0.3333333333333333]], [1.833, "two cells", [1, 1, 0.3333333333333333]], [1.7, "cell divisions", [1, 1, 0.2]], [1.5, "place", [1, 0, 1.0]], [1.5, "parents", [1, 0, 1.0]], [1.5, "offspring", [1, 0, 1.0]], [1.5, "the population size", [2, 0, 0.5]], [1.0, "the exponent", [1, 0, 0.5]]]}
{"sent_id": 5, "key_list": [[2.0, "such a growth rate", [1, 1, 0.5]], [1.5, "it", [1, 0, 1.0]], [1.2, "an exponential curve", [2, 0, 0.2]], [1.0, "whose slope", [1, 0, 0.5]], [0.75, "a curve", [1, 0, 0.25]]]}
{"sent_id": 6, "key_list": [[2.25, "growth", [2, 1, 0.25]], [1.5, "populations", [1, 0, 1.0]], [1.5, "reproduction", [1, 0, 1.0]], [1.0, "the individual", [1, 0, 0.5]], [0.833, "the process", [1, 0, 0.3333333333333333]], [0.667, "implications", [1, 0, 0.16666666666666666]]]}
{"sent_id": 7, "key_list": [[1.75, "numbers", [1, 1, 0.25]], [1.0, "many microbes", [1, 0, 0.5]], [0.643, "replication cycles", [1, 0, 0.14285714285714285]]]}
{"sent_id": 8, "key_list": [[2.0, "many times", [1, 1, 0.5]], [1.0, "the cyanobacterium", [1, 0, 0.5]]]}
{"sent_id": 9, "key_list": [[2.0, "cell number", [1, 1, 0.5]]]}
{"sent_id": 10, "key_list": [[2.5, "cells", [1, 1, 1.0]], [1.833, "binary fission", [1, 1, 0.3333333333333333]], [1.5, "an exponential curve", [2, 0, 0.5]]]}
{"sent_id": 11, "key_list": [[3.0, "growth", [2, 1, 1.0]], [1.5, "what", [1, 0, 1.0]], [1.5, "we", [1, 0, 1.0]], [1.0, "the population", [1, 0, 0.5]]]}
