{"sent_id": 1, "key_list": [[2.5, "magnesium", [1, 1, 1.0]], [2.5, "iron", [2, 1, 0.5]], [2.5, "aluminum", [1, 1, 1.0]], [2.0, "particularly silicon", [1, 1, 0.5]], [1.833, "potassium", [1, 1, 0.3333333333333333]], [1.833, "oxygen and \u201coxygen-seeking\u201d elements", [1, 1, 0.3333333333333333]], [1.75, "sodium", [1, 1, 0.25]], [1.7, "calcium", [1, 1, 0.2]], [1.643, "lesser amounts", [1, 1, 0.14285714285714285]], [1.0, "these rocky materials", [1, 0, 0.5]]]}
{"sent_id": 2, "key_list": [[1.75, "the iron filings", [1, 1, 0.25]], [1.0, "the bottom", [1, 0, 0.5]]]}
{"sent_id": 3, "key_list": [[4.0, "earth", [4, 1, 1.0]], [2.5, "iron", [2, 1, 0.5]], [1.75, "that elements", [1, 1, 0.25]], [1.5, "nickel", [1, 0, 1.0]], [1.0, "intense heating", [1, 0, 0.5]], [0.75, "this time", [1, 0, 0.25]]]}
{"sent_id": 4, "key_list": [[2.0, "a single, muddy composition", [1, 1, 0.5]], [1.833, "iron filings", [1, 1, 0.3333333333333333]], [1.5, "it", [1, 0, 1.0]], [1.5, "air", [1, 0, 1.0]], [1.25, "clay", [2, 0, 0.25]], [1.0, "water", [1, 0, 0.5]], [0.643, "a bottle", [1, 0, 0.14285714285714285]]]}
{"sent_id": 5, "key_list": [[1.833, "earth\u2019s interior", [1, 1, 0.3333333333333333]], [1.5, "we", [1, 0, 1.0]], [1.5, "gravity", [1, 0, 1.0]], [1.167, "the layering", [2, 0, 0.16666666666666666]], [1.143, "the layering", [2, 0, 0.14285714285714285]], [1.0, "muddy water", [1, 0, 0.5]], [0.833, "the force", [1, 0, 0.3333333333333333]], [0.75, "the bottle", [1, 0, 0.25]]]}
{"sent_id": 6, "key_list": [[4.0, "earth", [4, 1, 1.0]], [2.0, "radioactive elements", [1, 1, 0.5]], [1.0, "our planet", [1, 0, 0.5]], [1.0, "nebular debris", [1, 0, 0.5]], [1.0, "a short period", [1, 0, 0.5]], [0.75, "the temperature", [1, 0, 0.25]], [0.75, "the decay", [1, 0, 0.25]], [0.75, "material", [1, 0, 0.25]], [0.7, "the high-velocity impact", [1, 0, 0.2]]]}
{"sent_id": 7, "key_list": [[2.0, "a primitive crust", [1, 1, 0.5]], [2.0, "chemical differentiation", [1, 1, 0.5]], [1.833, "less-dense, molten rock", [1, 1, 0.3333333333333333]], [1.5, "heating", [1, 0, 1.0]], [1.0, "the surface", [1, 0, 0.5]], [0.833, "the early period", [1, 0, 0.3333333333333333]], [0.75, "another process", [1, 0, 0.25]], [0.7, "formed masses", [1, 0, 0.2]]]}
{"sent_id": 8, "key_list": [[1.0, "the planet", [1, 0, 0.5]], [1.0, "heavy metal", [1, 0, 0.5]], [0.75, "the center", [1, 0, 0.25]], [0.643, "liquid blobs", [1, 0, 0.14285714285714285]]]}
{"sent_id": 9, "key_list": [[1.5, "layers", [1, 0, 1.0]], [1.0, "the different materials", [1, 0, 0.5]], [1.0, "that bottle", [1, 0, 0.5]]]}
{"sent_id": 10, "key_list": [[2.0, "clay", [2, 0, 1.0]], [2.0, "the iron", [1, 1, 0.5]], [1.0, ", finally, air", [1, 0, 0.5]], [0.833, "then water", [1, 0, 0.3333333333333333]], [0.75, "a layer", [1, 0, 0.25]]]}
{"sent_id": 11, "key_list": [[4.0, "earth", [4, 1, 1.0]], [1.833, "dense iron-rich core", [1, 1, 0.3333333333333333]], [1.0, "geologic time", [1, 0, 0.5]], [1.0, "this process", [1, 0, 0.5]], [0.75, "the scale", [1, 0, 0.25]]]}
{"sent_id": 12, "key_list": [[4.0, "earth", [4, 1, 1.0]], [2.0, "layered structure", [1, 1, 0.5]], [0.833, "formation", [1, 0, 0.3333333333333333]]]}
